{
  "trial_id": "run_20260318_105521",
  "output_path": "/home/atoz/ca_ws/logs/run_20260318_105521/spin_yaw_probe.jsonl",
  "summary_path": "/home/atoz/ca_ws/logs/run_20260318_105521/spin_yaw_probe.summary.json",
  "started_at_ns": 1773798936070832615,
  "stopped_at_ns": 1773799024091978850,
  "record_count": 1749,
  "session_count": 2,
  "sessions": [
    {
      "session_index": 1,
      "session_id": "run_20260318_105521_spin_001",
      "enter_stamp_ns": 1773798999569482752,
      "exit_stamp_ns": 1773799007324487424,
      "duration_sec": 7.755005,
      "sample_count": 155,
      "peak_spin_score": 0.992332,
      "peak_abs_imu_wz": 0.873433,
      "max_speed": 0.00997,
      "mean_abs_odom_wz": 0.052792,
      "mean_abs_imu_wz": 0.403235,
      "odom_delta_yaw_rad": 1.071509,
      "odom_delta_yaw_deg": 61.393,
      "imu_delta_yaw_raw_rad": 3.114841,
      "imu_delta_yaw_raw_deg": 178.467,
      "imu_delta_yaw_f_rad": 3.1308,
      "imu_delta_yaw_f_deg": 179.382,
      "ratio_odom_over_imu_raw": 0.344001,
      "exit_reason": "spin_score_relaxed"
    },
    {
      "session_index": 2,
      "session_id": "run_20260318_105521_spin_002",
      "enter_stamp_ns": 1773799009520903168,
      "exit_stamp_ns": 1773799017370402294,
      "duration_sec": 7.849499,
      "sample_count": 157,
      "peak_spin_score": 0.993274,
      "peak_abs_imu_wz": 0.908364,
      "max_speed": 0.006835,
      "mean_abs_odom_wz": 0.092574,
      "mean_abs_imu_wz": 0.397879,
      "odom_delta_yaw_rad": -1.37824,
      "odom_delta_yaw_deg": -78.967,
      "imu_delta_yaw_raw_rad": -3.125884,
      "imu_delta_yaw_raw_deg": -179.1,
      "imu_delta_yaw_f_rad": -3.141292,
      "imu_delta_yaw_f_deg": -179.983,
      "ratio_odom_over_imu_raw": 0.440912,
      "exit_reason": "spin_score_relaxed"
    }
  ]
}